,Time,Load,Stress,Stress_avg,Strain_Raw,Strain_Norm
0,0.0,14.08015441894531,316.49264533187477,,0.0540740551659837,-0.00017301973472111417
